<?xml version="1.0" encoding="UTF-8"?>

<heisenberg:schema xmlns:heisenberg="https://github.com/brucexx/heisenberg">

	<!-- schema定义 -->
	<!-- schema name="db_shard"> <table name="tb1" dataNode="dn_shard$0-1" rule="rule1" 
		/> </schema -->

	<schema name="wms_shard">
		<table name="trans_tb" dataNode="trans_shard$0-9" rule="rule1" />
		<table name="trans_content" dataNode="trans_shard$0-9" rule="rule1" />
	</schema>

	<dataNode name="trans_shard"> 
	    <property name="dataSource"> 
		   <dataSourceRef>dsMaster$0-1</dataSourceRef> 
		</property>
		<property name="poolSize">256</property> 
		<property name="heartbeatSQL">select user()</property> 
	</dataNode>

 


	<!-- 数据源定义，数据源是一个具体的后端数据连接的表示。 -->
	<dataSource name="dsMaster" type="mysql"> 
	    <property name="location"> 
		<location>127.0.0.1:8801/test$1-2</location> </property> 
		<property name="user">root</property> 
		<property name="password">st0078</property> 
		<property name="sqlMode">STRICT_TRANS_TABLES</property> 
	</dataSource>


</heisenberg:schema>
