<?xml version="1.0" encoding="UTF-8"?>

<rule>
	<tableRule name="rule1" forceHit="true">
		<columns>F_TRANS_ID,F_BUYER_USER_ID</columns>
		<dbRuleList>
			<dbRule><![CDATA[$!stringUtil.substring($F_TRANS_ID,-3,-1)]]></dbRule>
			<dbRule><![CDATA[
				#set($sub_str=$F_BUYER_USER_ID%1000+"")
				$!stringUtil.substring($stringUtil.alignRights($sub_str,3,"0"),0,2)]]>
			</dbRule>
		</dbRuleList>
		<tbRuleList>
			<tbRule><![CDATA[
				#set($sub_str=$F_BUYER_USER_ID%1000+"")
				#set($db_flag=$!stringUtil.substring($sub_str,-3,-1))
				#set($tb_flag=$!stringUtil.substring($sub_str,-1))
				#set($prefix="_"+$db_flag+"_"+$tb_flag)##
				$!prefix]]>
			</tbRule>
			<tbRule><![CDATA[
				#set($db_flag=$!stringUtil.substring($F_TRANS_ID,-3,-1))
				#set($tb_flag=$!stringUtil.substring($F_TRANS_ID,-1))
				#set($prefix="_"+$db_flag+"_"+$tb_flag)##
				$!prefix]]>
			</tbRule>
		</tbRuleList>
		<tbPrefix>
				<![CDATA[	 
						def map = [:];
						for (int i=0; i<100; i++) {
							def list = [];
							for (int j=0; j<10; j++) {
								def k=i<10?"0"+i:i;
								list.add("_"+k+"_"+j);
							}
							map.put(i,list);
						};
						return map; 
				]]>
		</tbPrefix>
	</tableRule>

	<tableRule name="rule2" forceHit="true">
		<columns>F_RECVABLE_ID,F_USER_ID</columns>
		<dbRuleList>
			<dbRule><![CDATA[$!stringUtil.substring($F_RECVABLE_ID,-3,-1)]]></dbRule>
			<dbRule><![CDATA[
				#set($sub_str=$F_USER_ID%1000+"")
				$!stringUtil.substring($stringUtil.alignRights($sub_str,3,"0"),0,2)]]>
			</dbRule>
		</dbRuleList>
		<tbRuleList>
			<tbRule><![CDATA[
				#set($db_flag=$!stringUtil.substring($F_RECVABLE_ID,-3,-1))
				#set($tb_flag=$!stringUtil.substring($F_RECVABLE_ID,-1))
				#set($prefix="_"+$db_flag+"_"+$tb_flag)##
				$!prefix]]>
			</tbRule>
			<tbRule><![CDATA[
				#set($sub_str=$F_USER_ID%1000+"")
				#set($sub_str=$stringUtil.alignRights($sub_str,3,"0"))
				#set($db_flag=$stringUtil.substring($sub_str,0,2))
				#set($tb_flag=$stringUtil.substring($sub_str,2))
				#set($prefix="_"+$db_flag+"_"+$tb_flag)##
				$!prefix]]>
			</tbRule>
		</tbRuleList>
		<!-- 00-99 100个表,每个表属于哪个结点 Map<Integer,Set<String>> -->
		<tbPrefix>
			<![CDATA[	 
				def map = [:];
					for (int i=0; i<100; i++) {
						def list = [];
						for (int j=0; j<10; j++) {
							def k=i<10?"0"+i:i;
							list.add("_"+k+"_"+j);
						}
						map.put(i,list);
					};
					return map; 
				]]>
		</tbPrefix>
	</tableRule>

	<tableRule name="rule3">
		<columns>F_TRANS_ID_EXT</columns>
		<dbRuleList>
			<dbRule><![CDATA[$!stringUtil.substring($F_TRANS_ID_EXT,-3,-1)]]></dbRule>
		</dbRuleList>
		<tbRuleList>
			<tbRule><![CDATA[
				#set($db_flag=$!stringUtil.substring($F_TRANS_ID_EXT,-3,-1))
				#set($tb_flag=$!stringUtil.substring($F_TRANS_ID_EXT,-1))
				#set($prefix="_"+$db_flag+"_"+$tb_flag)##
				$!prefix]]>
			</tbRule>
		</tbRuleList>
		<!-- 00-99 100个表,每个表属于哪个结点 Map<Integer,Set<String>> -->
		<tbPrefix>
			<![CDATA[
				def map = [:];
				for (int i=0; i<100; i++) {
					def list = [];
					for (int j=0; j<10; j++) {
						def k=i<10?"0"+i:i;
						list.add("_"+k+"_"+j);
					}
					map.put(i,list);
				};
				return map; 
			]]>
		</tbPrefix>
	</tableRule>
	<tableRule name="rule4" forceHit="true">
		<columns>F_PAYMENT_ID,F_PAYMENT_ID_EXT,F_USER_ID</columns>
		<dbRuleList>
			<dbRule><![CDATA[$!stringUtil.substring($F_PAYMENT_ID,-3,-1)]]></dbRule>
			<dbRule><![CDATA[$!stringUtil.substring($F_PAYMENT_ID_EXT,-3,-1)]]></dbRule>
			<dbRule><![CDATA[
				#set($sub_str=$F_USER_ID%1000+"")
				$!stringUtil.substring($stringUtil.alignRights($sub_str,3,"0"),0,2)]]>
			</dbRule>
		</dbRuleList>
		<tbRuleList>
			<tbRule><![CDATA[
				#set($db_flag=$!stringUtil.substring($F_PAYMENT_ID,-3,-1))
				#set($tb_flag=$!stringUtil.substring($F_PAYMENT_ID,-1))
				#set($prefix="_"+$db_flag+"_"+$tb_flag)##
				$!prefix]]>
			</tbRule>
			<tbRule><![CDATA[
				#set($db_flag=$!stringUtil.substring($F_PAYMENT_ID_EXT,-3,-1))
				#set($tb_flag=$!stringUtil.substring($F_PAYMENT_ID_EXT,-1))
				#set($prefix="_"+$db_flag+"_"+$tb_flag)##
				$!prefix]]>
			</tbRule>
			<tbRule><![CDATA[
				#set($sub_str=$F_USER_ID%1000+"")
				#set($sub_str=$stringUtil.alignRights($sub_str,3,"0"))
				#set($db_flag=$stringUtil.substring($sub_str,0,2))
				#set($tb_flag=$stringUtil.substring($sub_str,2))
				#set($prefix="_"+$db_flag+"_"+$tb_flag)##
				$!prefix]]>
			</tbRule>
		</tbRuleList>
		<!-- 00-99 100个表,每个表属于哪个结点 Map<Integer,Set<String>> -->
		<tbPrefix>
			<![CDATA[
				def map = [:];
					for (int i=0; i<100; i++) {
						def list = [];
						for (int j=0; j<10; j++) {
							def k=i<10?"0"+i:i;
							list.add("_"+k+"_"+j);
						}
						map.put(i,list);
					};
					return map; 
				]]>
		</tbPrefix>
	</tableRule>



 	<tableRule name="rule5" forceHit="true">
		<columns>F_TRANS_ID,F_OPT_USER_ID</columns>
		<dbRuleList>
			<dbRule><![CDATA[$!stringUtil.substring($F_TRANS_ID,-3,-1)]]></dbRule>
			<dbRule><![CDATA[
				#set($sub_str=$F_OPT_USER_ID%1000+"")
				$!stringUtil.substring($stringUtil.alignRights($sub_str,3,"0"),0,2)]]>
			</dbRule>
		</dbRuleList>
		<tbRuleList>
			<tbRule><![CDATA[
				#set($db_flag=$!stringUtil.substring($F_TRANS_ID,-3,-1))
				#set($tb_flag=$!stringUtil.substring($F_TRANS_ID,-1))
				#set($prefix="_"+$db_flag+"_"+$tb_flag)##
				$!prefix]]>
			</tbRule>
			<tbRule><![CDATA[
				#set($sub_str=$F_OPT_USER_ID%1000+"")
				#set($sub_str=$stringUtil.alignRights($sub_str,3,"0"))
				#set($db_flag=$stringUtil.substring($sub_str,0,2))
				#set($tb_flag=$stringUtil.substring($sub_str,2))
				#set($prefix="_"+$db_flag+"_"+$tb_flag)##
				$!prefix]]>
			</tbRule>
		</tbRuleList>
		<tbPrefix>
				<![CDATA[	 
						def map = [:];
						for (int i=0; i<100; i++) {
							def list = [];
							for (int j=0; j<10; j++) {
								def k=i<10?"0"+i:i;
								list.add("_"+k+"_"+j);
							}
							map.put(i,list);
						};
						return map; 
				]]>
		</tbPrefix>
	</tableRule>


	<tableRule name="rule6" forceHit="true">
		<columns>F_BUYER_USER_ID</columns>
		<dbRuleList>
			<dbRule><![CDATA[
				#set($sub_str=$F_BUYER_USER_ID%1000+"")
				$!stringUtil.substring($stringUtil.alignRights($sub_str,3,"0"),0,2)]]>
			</dbRule>
		</dbRuleList>
		<tbRuleList>
			<tbRule><![CDATA[
				#set($sub_str=$F_BUYER_USER_ID%1000+"")
				#set($sub_str=$stringUtil.alignRights($sub_str,3,"0"))
				#set($db_flag=$stringUtil.substring($sub_str,0,2))
				#set($tb_flag=$stringUtil.substring($sub_str,2))
				#set($prefix="_"+$db_flag+"_"+$tb_flag)##
				$!prefix]]>
			</tbRule>
		</tbRuleList>
		<tbPrefix>
				<![CDATA[	 
						def map = [:];
						for (int i=0; i<100; i++) {
							def list = [];
							for (int j=0; j<10; j++) {
								def k=i<10?"0"+i:i;
								list.add("_"+k+"_"+j);
							}
							map.put(i,list);
						};
						return map; 
				]]>
		</tbPrefix>
	</tableRule>

	<tableRule name="rule7" forceHit="true">
		<columns>F_USER_ID</columns>
		<dbRuleList>
			<dbRule><![CDATA[
				#set($sub_str=$F_USER_ID%1000+"")
				$!stringUtil.substring($stringUtil.alignRights($sub_str,3,"0"),0,2)]]>
			</dbRule>
		</dbRuleList>
		<tbRuleList>
			<tbRule><![CDATA[
				#set($sub_str=$F_USER_ID%1000+"")
				#set($sub_str=$stringUtil.alignRights($sub_str,3,"0"))
				#set($db_flag=$stringUtil.substring($sub_str,0,2))
				#set($tb_flag=$stringUtil.substring($sub_str,2))
				#set($prefix="_"+$db_flag+"_"+$tb_flag)##
				$!prefix]]>
			</tbRule>
		</tbRuleList>
		<tbPrefix>
				<![CDATA[	 
						def map = [:];
						for (int i=0; i<100; i++) {
							def list = [];
							for (int j=0; j<10; j++) {
								def k=i<10?"0"+i:i;
								list.add("_"+k+"_"+j);
							}
							map.put(i,list);
						};
						return map; 
				]]>
		</tbPrefix>
	</tableRule>

</rule>
